{
  "modelo": "dccuchile/bert-base-spanish-wwm-cased",
  "dataset": "codigos",
  "learning_rate": 2e-05,
  "batch_size": 16,
  "epochs": 5,
  "weight_decay": 0.01,
  "warmup_ratio": 0.1,
  "accuracy": 0.7775,
  "f1": 0.6691449814126395,
  "precision": 0.6164383561643836,
  "recall": 0.7317073170731707,
  "seed": 2308274372
}