Modelo,Dataset,Accuracy,Precision,Recall,F1-Score,ROC AUC
BERT Spanish Cased (Códigos),Codigos,0.755,0.5796178343949044,0.7398373983739838,0.65,0.8335974875994248
BERT Spanish Uncased (Descripciones),Descripciones,0.8875,0.8518518518518519,0.7603305785123967,0.8034934497816594,0.9521164726443319
BERT Spanish Cased (Combinado),Combinado,0.9025,0.8043478260869565,0.9024390243902439,0.8505747126436781,0.9597164744210619
