{
  "codigos": {
    "model_name": "BERT Spanish Cased (C\u00f3digos)",
    "metrics": {
      "accuracy": 0.755,
      "precision": 0.5796178343949044,
      "recall": 0.7398373983739838,
      "f1": 0.65,
      "roc_auc": 0.8335974875994248
    }
  },
  "descripciones": {
    "model_name": "BERT Spanish Uncased (Descripciones)",
    "metrics": {
      "accuracy": 0.8875,
      "precision": 0.8518518518518519,
      "recall": 0.7603305785123967,
      "f1": 0.8034934497816594,
      "roc_auc": 0.9521164726443319
    }
  },
  "combinado": {
    "model_name": "BERT Spanish Cased (Combinado)",
    "metrics": {
      "accuracy": 0.9025,
      "precision": 0.8043478260869565,
      "recall": 0.9024390243902439,
      "f1": 0.8505747126436781,
      "roc_auc": 0.9597164744210619
    }
  }
}